user_id,age,gender,location,occupation,income_level
1,43,Other,Christophermouth,"Producer, television/film/video",medium
2,35,F,South Jason,"Journalist, newspaper",high
3,52,Other,Jamesview,Hospital pharmacist,medium
4,59,F,North Shelly,Retail buyer,high
5,40,Other,Thomasland,Information systems manager,low
6,13,M,Cantustad,Hydrogeologist,high
7,29,F,Smithborough,Futures trader,medium
8,33,F,Lake Dustinville,Equality and diversity officer,high
9,49,Other,Lewistown,Counselling psychologist,low
10,18,F,Sanfordstad,Biomedical scientist,low
11,35,F,Lake Ebony,Management consultant,low
12,47,F,North Rebecca,"Administrator, Civil Service",high
13,36,Other,East Brendashire,Clinical research associate,high
14,64,M,Ryanport,Photographer,high
15,52,M,Port Melissa,"Production assistant, television",medium
16,29,F,Johnsonshire,Health promotion specialist,low
17,36,F,West Charlestown,Paramedic,medium
18,26,F,Seanside,Translator,high
19,53,F,New Desireeport,"Merchandiser, retail",high
20,18,M,Shelbyfurt,"Engineer, manufacturing systems",low
21,53,Other,Jacobschester,"Programmer, applications",low
22,35,Other,Taylormouth,Advertising account planner,high
23,11,F,Lake Patricia,Glass blower/designer,medium
24,36,Other,Wilsonville,"Designer, industrial/product",high
25,24,M,Garrettport,Phytotherapist,medium
26,56,Other,Melanieland,"Scientist, research (medical)",high
27,30,F,East Karenstad,Politician's assistant,medium
28,18,Other,Port Nicholeport,Chiropractor,low
29,39,F,West Anna,Environmental health practitioner,high
30,28,F,New Michelletown,Adult guidance worker,high
31,1,F,Port Wesley,Learning mentor,medium
32,56,M,East Stevenmouth,"Librarian, public",medium
33,34,F,Marychester,"Radiographer, therapeutic",high
34,23,M,Jacquelineland,"Solicitor, Scotland",medium
35,26,Other,North Ronald,Primary school teacher,low
36,56,F,North Jenniferfort,Charity officer,low
37,24,F,South Timothyland,Farm manager,medium
38,29,Other,Port Brandiport,Insurance claims handler,low
39,16,Other,Ericksonfort,Actor,medium
40,36,M,Matthewsfurt,"Engineer, electrical",high
41,30,F,Fuentesborough,English as a foreign language teacher,low
42,42,F,East Lisa,Chief Technology Officer,low
43,42,F,Samueltown,Meteorologist,low
44,40,M,Port Christian,Editorial assistant,medium
45,20,Other,Timothychester,"Conservator, furniture",low
46,20,M,Marquezview,Chartered certified accountant,low
47,22,M,Bradton,"Engineer, petroleum",low
48,55,M,Bairdhaven,Database administrator,high
49,46,F,South Brandon,Advertising copywriter,high
50,48,M,Kelseyfort,Barrister,low
51,8,Other,Williamsburgh,Sports therapist,high
52,39,Other,East Peggyton,"Copywriter, advertising",medium
53,42,Other,Ashleyton,"Surveyor, mining",low
54,44,F,East Patrickfort,Neurosurgeon,low
55,30,M,Barnestown,Intelligence analyst,high
56,32,M,Lake Mary,Consulting civil engineer,low
57,35,M,Edwardsstad,Editorial assistant,high
58,34,Other,East Jeanne,IT trainer,high
59,47,F,West Kevin,"Engineer, chemical",high
60,15,F,Port Denisefort,"Designer, ceramics/pottery",low
61,50,Other,West Howardmouth,"Engineer, site",medium
62,51,M,Rebeccaville,Conference centre manager,low
63,47,F,Ashleytown,"Administrator, local government",medium
64,36,F,Tylermouth,Musician,medium
65,64,M,North Tracychester,Equality and diversity officer,medium
66,39,M,New John,Facilities manager,high
67,50,F,South Angelamouth,Chief Strategy Officer,high
68,22,M,Brownview,Counselling psychologist,high
69,23,M,Danielborough,Private music teacher,medium
70,10,M,Knightmouth,"Journalist, broadcasting",low
71,41,Other,New Brian,"Scientist, research (life sciences)",low
72,20,Other,Smithmouth,Seismic interpreter,low
73,34,M,Richardchester,Writer,high
74,37,M,Port Sean,Catering manager,medium
75,20,Other,Port Jamie,Occupational therapist,high
76,10,M,Mullenberg,Health and safety adviser,medium
77,59,Other,South Charles,Dentist,high
78,13,Other,Lake David,Publishing copy,medium
79,37,M,Lindastad,Lexicographer,high
80,12,F,Hoffmanchester,"Accountant, chartered",low
81,50,M,Lake Brandiland,Barrister's clerk,high
82,54,M,Trevorview,Theatre director,low
83,24,F,East Derekshire,"Production designer, theatre/television/film",high
84,29,F,Charlesfort,Corporate investment banker,low
85,48,F,Allenmouth,Interior and spatial designer,high
86,17,M,East Marcus,Legal executive,medium
87,28,M,Whiteshire,"Embryologist, clinical",low
88,35,M,South Davidfurt,Commercial/residential surveyor,medium
89,26,F,Valeriemouth,Fish farm manager,medium
90,36,F,Matthewhaven,"Surveyor, quantity",high
91,22,F,Port Andrea,"Psychologist, educational",high
92,18,F,Lake Stephenborough,Teaching laboratory technician,medium
93,20,Other,Markstad,Animator,high
94,58,M,New Jenna,Fast food restaurant manager,medium
95,15,Other,South Wendyside,Emergency planning/management officer,low
96,37,Other,Rachelburgh,Tax inspector,low
97,27,M,Lake Vanessa,Physiological scientist,low
98,11,F,South Tina,Pharmacologist,high
99,50,F,East Keithburgh,Soil scientist,low
100,28,M,South Dawn,Rural practice surveyor,medium
101,27,M,New Craig,Housing manager/officer,low
102,19,M,New Bobby,Geochemist,medium
103,11,F,Sarastad,"Designer, blown glass/stained glass",low
104,59,F,Joshuafort,Health and safety adviser,low
105,48,F,Lake Donnaside,Broadcast journalist,medium
106,43,M,Garciashire,Holiday representative,medium
107,31,Other,Santiagoton,Educational psychologist,low
108,37,M,Rileymouth,Volunteer coordinator,low
109,22,F,Samuelfurt,Chief Technology Officer,low
110,37,Other,Hartville,Broadcast journalist,high
111,36,F,Lake Chadview,Advertising account planner,low
112,51,Other,Lake James,Financial controller,high
113,20,Other,Janetchester,Energy engineer,low
114,48,Other,Marthashire,"Runner, broadcasting/film/video",high
115,30,F,Barnesmouth,Event organiser,high
116,44,M,New Jasonborough,Legal executive,medium
117,46,F,South Edward,Sport and exercise psychologist,medium
118,32,Other,Reynoldsburgh,"Librarian, academic",high
119,43,Other,Smithfort,Television production assistant,medium
120,30,F,Port Angelica,Public relations account executive,medium
121,28,M,Powellmouth,"Engineer, civil (consulting)",medium
122,62,F,East Jared,Ship broker,high
123,30,F,West Seanberg,Information systems manager,medium
124,7,Other,Port Ericfurt,"Surveyor, commercial/residential",high
125,19,M,Riverabury,Psychiatrist,low
126,28,M,Hoffmanhaven,"Buyer, retail",medium
127,15,Other,East Soniafort,Ranger/warden,high
128,41,M,Francismouth,Microbiologist,high
129,26,M,Hornton,Biomedical engineer,low
130,41,Other,South Samanthaside,Patent examiner,medium
131,21,F,Butlerberg,Pensions consultant,high
132,45,F,Rhondaville,Actuary,high
133,24,F,Trujilloburgh,Recruitment consultant,high
134,27,Other,Robertborough,Youth worker,high
135,22,M,North Victor,Solicitor,low
136,44,Other,Christophermouth,"Scientist, research (medical)",high
137,18,Other,West Roberto,"Surveyor, building control",medium
138,40,F,Arroyomouth,Exhibition designer,medium
139,40,M,Port Sean,"Designer, industrial/product",low
140,44,F,Drakeborough,"Surveyor, building control",medium
141,47,F,Waltermouth,"Teacher, special educational needs",high
142,47,Other,Carrieview,Building control surveyor,low
143,30,Other,North Johnville,"Development worker, international aid",low
144,28,F,North Travisland,Cabin crew,high
145,23,M,Coxport,"Geologist, engineering",high
146,24,M,Gardnerfurt,Counselling psychologist,high
147,46,F,West Gary,"Engineer, structural",high
148,15,F,Port Samanthabury,Corporate investment banker,medium
149,38,M,Carneystad,Herbalist,low
150,22,M,New Barbaraland,"Journalist, newspaper",high
151,45,M,Port Karaborough,Physiological scientist,high
152,26,M,Ericbury,"Pharmacist, community",high
153,17,M,New David,"Production designer, theatre/television/film",high
154,37,Other,Rangelborough,Biomedical scientist,high
155,16,Other,West Michael,Product designer,high
156,82,Other,Richardbury,Chief Executive Officer,high
157,39,Other,South Stephenstad,Chief Financial Officer,low
158,22,Other,Port Stephanie,"Scientist, water quality",low
159,46,M,Leeshire,Newspaper journalist,high
160,32,M,South Kristen,Volunteer coordinator,high
161,0,F,Jamesborough,Farm manager,high
162,25,M,Lake Anthonyton,Tourism officer,low
163,50,Other,Lake Laura,Geophysical data processor,low
164,29,M,Bishopmouth,Call centre manager,low
165,27,F,Laurafurt,Immigration officer,medium
166,60,Other,Kingview,Further education lecturer,high
167,37,M,Port Jeffrey,Commercial horticulturist,low
168,40,F,South Michael,Aid worker,low
169,43,F,North Julie,"Research officer, political party",medium
170,45,F,West Josemouth,Environmental education officer,low
171,57,M,South Duanechester,Air traffic controller,high
172,58,M,Langfurt,"Surveyor, building control",medium
173,25,Other,Nguyenberg,Quarry manager,medium
174,37,Other,Jonathanport,Ergonomist,low
175,18,F,Millsbury,Hospital doctor,high
176,7,M,West Stacyview,Mental health nurse,medium
177,-2,Other,Reidborough,Manufacturing engineer,low
178,41,F,Andrewton,Police officer,low
179,47,Other,Goodmanberg,Technical author,high
180,63,F,West Stephenfurt,Higher education careers adviser,medium
181,28,M,Connorfort,Chief Strategy Officer,high
182,47,F,East Jennifer,Banker,high
183,56,M,New Theresa,Consulting civil engineer,high
184,55,M,Rodrigueztown,Dramatherapist,high
185,12,M,South Danieltown,Hydrogeologist,high
186,26,M,Schwartzberg,Minerals surveyor,medium
187,65,M,Port Amanda,"Solicitor, Scotland",high
188,46,M,Marcushaven,"Clinical scientist, histocompatibility and immunogenetics",medium
189,25,M,Alexandertown,Colour technologist,medium
190,44,F,New Jonathanshire,"Social research officer, government",medium
191,62,Other,Jamesbury,"Scientist, marine",medium
192,35,F,West Christophermouth,"Designer, exhibition/display",low
193,33,F,East Carlatown,Graphic designer,low
194,35,M,Bartonside,Tour manager,high
195,24,Other,Thomasshire,Chartered certified accountant,high
196,2,Other,Robertshire,Charity fundraiser,high
197,45,Other,Kristihaven,Theme park manager,high
198,18,Other,Nunezchester,Child psychotherapist,high
199,54,Other,Rogershaven,"Engineer, communications",high
200,41,Other,New Diane,"Therapist, drama",high
201,39,M,Port Shane,Product manager,high
202,13,M,Phillipsbury,Corporate investment banker,low
203,9,F,Rodneyview,"Development worker, international aid",high
204,40,F,Maryfort,Occupational hygienist,high
205,-1,M,East Kevinstad,Multimedia programmer,low
206,55,Other,Johnside,Quantity surveyor,low
207,40,F,Murphyshire,Professor Emeritus,medium
208,36,F,Robinmouth,Media planner,high
209,51,F,New Timothymouth,"Teacher, primary school",low
210,47,F,New Donnahaven,Teaching laboratory technician,low
211,47,F,Lake Daniel,Patent attorney,medium
212,43,F,New Matthewport,"Horticulturist, amenity",high
213,32,F,South Ashley,Osteopath,high
214,12,M,Brownton,Learning disability nurse,medium
215,44,M,Maybury,Records manager,low
216,39,F,Jacobtown,Medical sales representative,high
217,42,Other,North Todd,Air traffic controller,low
218,52,F,East Julieberg,Theatre manager,high
219,44,Other,East Anne,Race relations officer,high
220,-6,Other,Atkinsmouth,IT technical support officer,high
221,30,Other,North Jonathanville,Prison officer,low
222,34,F,Pagemouth,Product designer,medium
223,27,M,Karinaborough,Quarry manager,low
224,69,Other,Thomasside,"Engineer, maintenance (IT)",low
225,50,F,Port Robertview,Petroleum engineer,medium
226,45,Other,Pottermouth,Volunteer coordinator,medium
227,66,F,South Josephchester,Advertising account planner,low
228,31,F,East Tiffanyview,"Accountant, chartered public finance",medium
229,67,M,New Lindaside,Insurance broker,high
230,30,F,North Nicolemouth,Research scientist (maths),medium
231,55,F,Emilyland,Medical secretary,high
232,26,M,South Melissashire,Chartered accountant,low
233,23,F,Kimberlyborough,Aid worker,low
234,29,F,Port Sarah,Environmental education officer,medium
235,39,Other,North Carlos,"Scientist, marine",medium
236,33,F,North Lawrencefort,"Surveyor, hydrographic",low
237,35,Other,South Georgechester,Sales executive,high
238,37,Other,Robinsontown,Surgeon,medium
239,64,F,North Kayla,"Administrator, charities/voluntary organisations",high
240,38,Other,Spearshaven,Insurance claims handler,high
241,23,Other,East Andrew,Optometrist,low
242,29,M,Coxfurt,Television floor manager,medium
243,17,F,Lake Justinhaven,Contracting civil engineer,high
244,15,M,South Jennifer,"Administrator, arts",medium
245,60,M,Port Dustinmouth,Broadcast presenter,medium
246,17,Other,Hensonberg,Curator,high
247,28,M,Ronnieshire,"Teacher, adult education",low
248,8,F,Justinfort,"Embryologist, clinical",medium
249,10,Other,Terrimouth,Restaurant manager,medium
250,39,Other,Dukemouth,Haematologist,medium
251,16,M,East Brianland,Banker,high
252,42,M,North Christinestad,"Engineer, water",high
253,24,Other,Higginstown,"Programme researcher, broadcasting/film/video",low
254,25,F,West Hayleyberg,Advertising copywriter,low
255,30,F,Adamsberg,Furniture designer,medium
256,20,M,Leeport,Archivist,low
257,39,Other,North Jasonton,Bookseller,medium
258,52,F,East Robert,Personnel officer,high
259,39,F,East Helenton,"Programmer, multimedia",low
260,39,Other,Whiteborough,Building services engineer,high
261,34,Other,Lake Mark,Clinical molecular geneticist,low
262,41,F,New Jennifer,Newspaper journalist,high
263,19,F,Smithside,Environmental education officer,medium
264,29,F,West Susan,"Engineer, energy",medium
265,44,F,North Donald,Careers adviser,low
266,12,M,West Mark,Oceanographer,low
267,25,Other,Doyleberg,Insurance claims handler,high
268,30,Other,Lake Jeffrey,"Editor, magazine features",high
269,39,Other,Santiagotown,Advertising account executive,medium
270,16,F,Port Josephview,Best boy,medium
271,49,Other,West Erikaville,Meteorologist,high
272,47,M,Port Robert,Barrister,high
273,35,F,East Joshua,Manufacturing engineer,medium
274,9,M,New Jeffrey,Armed forces training and education officer,medium
275,27,F,West Amyhaven,"Designer, textile",medium
276,30,M,Mirandachester,"Nurse, adult",high
277,36,F,Nguyenburgh,"Nurse, children's",low
278,29,F,Port Kathychester,Armed forces operational officer,low
279,33,Other,Williammouth,Health promotion specialist,medium
280,50,F,Port Andrew,Fitness centre manager,low
281,27,M,Phillipsfort,English as a second language teacher,low
282,14,Other,West Randallhaven,Make,high
283,48,F,Catherineland,Fast food restaurant manager,medium
284,28,M,Lake Richardmouth,Print production planner,low
285,23,M,East Deborah,Theatre director,medium
286,44,M,Tracyburgh,Product/process development scientist,low
287,49,F,Scottland,"Scientist, product/process development",high
288,37,F,East Dennis,"Surveyor, hydrographic",low
289,26,Other,Lake Christina,Midwife,high
290,43,M,Lake Michael,Site engineer,high
291,40,F,Kellyshire,Music tutor,low
292,42,Other,Lake Danaberg,Manufacturing systems engineer,low
293,34,F,North Victoriaborough,Music therapist,high
294,55,Other,Lake Jessicahaven,"Doctor, hospital",medium
295,54,Other,Dianaberg,Conference centre manager,high
296,27,Other,Traciburgh,"Psychologist, educational",medium
297,44,F,Rickeyville,"Engineer, automotive",high
298,67,F,West Briana,Risk manager,medium
299,63,F,Lake Matthewchester,Commissioning editor,low
300,34,M,South Michaelchester,"Sound technician, broadcasting/film/video",low
301,66,Other,South Ryan,Corporate treasurer,medium
302,19,Other,New Kimberly,Industrial buyer,high
303,25,F,Alexanderville,Logistics and distribution manager,high
304,51,F,East Eric,"Psychologist, sport and exercise",medium
305,28,F,East Thomasshire,Environmental health practitioner,low
306,33,Other,Burtonmouth,"Surveyor, hydrographic",low
307,59,M,Hallport,Clinical psychologist,medium
308,17,M,New Brittany,Warden/ranger,low
309,40,Other,Lake Oscar,Logistics and distribution manager,high
310,23,M,Melindaborough,Chief Technology Officer,low
311,39,M,New Joseph,Equality and diversity officer,high
312,63,Other,North Robin,Event organiser,medium
313,10,F,Bennettmouth,"Accountant, chartered",medium
314,54,Other,Port Jose,Barista,medium
315,47,M,Jamiestad,Therapeutic radiographer,high
316,14,F,Martinezview,Armed forces technical officer,high
317,49,M,North Brian,"Scientist, research (life sciences)",medium
318,20,F,West Johnstad,"Engineer, site",high
319,35,F,North Cynthiaville,Immunologist,medium
320,41,Other,Heathermouth,Animator,medium
321,9,M,East Brettmouth,Games developer,medium
322,35,F,Francesfort,Operations geologist,high
323,41,F,Melendezville,Armed forces technical officer,low
324,41,Other,West Williamfort,Forest/woodland manager,high
325,48,Other,East Jessicaville,Newspaper journalist,high
326,51,M,Lake Mikaylaview,"Designer, graphic",low
327,29,F,Jenniferfort,Chief Operating Officer,medium
328,18,Other,West Christy,"Education officer, museum",high
329,50,Other,Benderchester,Field trials officer,high
330,70,M,Lucastown,Plant breeder/geneticist,medium
331,21,F,Beckborough,Primary school teacher,low
332,33,M,West Raymond,"Engineer, agricultural",high
333,27,F,East Sarah,Hospital pharmacist,high
334,55,Other,North Andrew,Civil Service fast streamer,high
335,59,Other,South Johnbury,Industrial buyer,medium
336,19,F,Sextonmouth,Electrical engineer,medium
337,30,F,New Shawn,Make,medium
338,43,M,Jonesshire,Insurance risk surveyor,high
339,58,Other,Lake Kevinbury,"Programmer, systems",low
340,36,M,North Ellen,Air traffic controller,high
341,24,F,North Tonyview,Hospital pharmacist,low
342,25,F,Maloneborough,"Development worker, international aid",low
343,30,M,Smithport,Trading standards officer,low
344,47,M,East Rebeccafurt,"Therapist, drama",high
345,32,F,Michelleland,"Production assistant, radio",high
346,33,F,Mooreshire,Lawyer,medium
347,32,Other,Lake Aprilside,Industrial buyer,medium
348,49,Other,Whitetown,Geochemist,high
349,9,Other,Port Katherinebury,Fast food restaurant manager,low
350,40,Other,Cruzport,Corporate treasurer,medium
351,54,F,North Holly,Network engineer,high
352,36,F,North Shari,"Engineer, communications",high
353,46,M,Mikefort,Restaurant manager,low
354,29,F,East Misty,Ceramics designer,low
355,37,F,Staceyfurt,Corporate investment banker,high
356,22,F,Osborneton,Data scientist,high
357,26,Other,Loribury,Insurance underwriter,high
358,23,Other,Wrightbury,"Engineer, technical sales",high
359,30,M,Davisfort,"Presenter, broadcasting",high
360,33,F,Edwardberg,Biomedical engineer,high
361,19,F,Lake Kathyland,Data processing manager,low
362,24,Other,New Davidborough,"Psychologist, forensic",high
363,-1,M,West Williamville,Energy manager,high
364,26,M,Port Danielle,Careers information officer,high
365,49,Other,Paceborough,Fast food restaurant manager,high
366,27,Other,West Jeremyfurt,Television/film/video producer,medium
367,19,M,East Gabrielchester,Chartered legal executive (England and Wales),low
368,26,M,East Yvonne,Accounting technician,high
369,32,Other,North Tim,Forensic scientist,high
370,44,Other,North Tammy,Administrator,high
371,39,M,Hancockland,Scientific laboratory technician,medium
372,22,F,North Nicholas,Manufacturing systems engineer,low
373,44,F,South Jacobtown,Personnel officer,low
374,27,F,New Rachelville,"Engineer, maintenance (IT)",medium
375,55,M,Jennifertown,Proofreader,high
376,46,F,East Nicholas,"Engineer, site",high
377,41,M,Tracyburgh,Medical technical officer,high
378,41,F,Brittanyfurt,"Editor, film/video",low
379,27,Other,South Regina,Industrial/product designer,low
380,29,F,Port David,Commercial horticulturist,medium
381,41,F,Latashaland,"Accountant, chartered management",high
382,24,F,East Debra,"Designer, ceramics/pottery",medium
383,28,M,East Chad,Clinical biochemist,medium
384,32,F,Thompsonshire,Sub,high
385,48,F,Coopershire,Conference centre manager,medium
386,51,M,Carlmouth,Civil Service fast streamer,low
387,19,Other,Staffordport,"Therapist, nutritional",medium
388,2,M,New Daniel,Careers information officer,medium
389,14,M,Jamesshire,"Administrator, sports",medium
390,48,Other,Mariefurt,"Social research officer, government",high
391,42,Other,Friedmanview,"Engineer, civil (consulting)",low
392,34,M,Meltonmouth,Translator,medium
393,25,Other,West Danielle,Press photographer,high
394,24,Other,New Julieberg,Emergency planning/management officer,high
395,53,Other,South Williamstad,"Research officer, trade union",medium
396,35,F,Russellside,Civil Service administrator,high
397,30,F,Joeltown,Aid worker,low
398,55,M,Ambershire,"Psychotherapist, child",low
399,52,Other,Wellsmouth,"Engineer, maintenance (IT)",high
400,48,M,Port Robertbury,"Teacher, early years/pre",high
401,51,M,North Dianaville,Advertising art director,high
402,28,M,Ramirezfort,Health physicist,low
403,24,F,Carolynborough,"Education officer, environmental",low
404,44,Other,Mossstad,Actor,high
405,60,Other,Kristenstad,"Radiographer, therapeutic",high
406,48,M,Campbellmouth,Best boy,low
407,50,Other,Bankston,Public relations officer,medium
408,65,M,Taramouth,Equities trader,high
409,20,F,South Brittany,"Education officer, community",high
410,-3,F,Davisburgh,Education administrator,low
411,34,Other,Ericaport,Chief Technology Officer,low
412,48,Other,Estesport,Recycling officer,high
413,17,F,Garrisonland,Futures trader,medium
414,36,Other,West Christinamouth,Fish farm manager,medium
415,44,F,Timothyview,Research scientist (physical sciences),high
416,35,F,North Seth,Quarry manager,high
417,35,Other,Garciafurt,"Surveyor, building",low
418,31,M,West Gwendolyn,"Teacher, adult education",low
419,70,Other,Petersonbury,Hotel manager,low
420,42,Other,North Jacqueline,Chartered management accountant,low
421,40,F,Richardsonhaven,Merchant navy officer,low
422,48,F,Griffinmouth,Energy manager,medium
423,14,F,Wileymouth,Logistics and distribution manager,medium
424,70,Other,Chadhaven,Financial manager,low
425,29,M,Stephenton,Analytical chemist,medium
426,41,M,West Joel,Adult nurse,high
427,22,F,Lake Kristen,Accommodation manager,high
428,14,F,Sullivanstad,"Therapist, occupational",high
429,30,Other,New Lisa,Environmental consultant,low
430,49,Other,Lake Crystal,"Administrator, local government",low
431,39,Other,Perkinsmouth,"Psychologist, clinical",low
432,34,Other,Poolestad,Public relations account executive,high
433,21,F,North Anthonyborough,Industrial/product designer,medium
434,31,F,Santanaland,Manufacturing engineer,high
435,44,M,New Bradleystad,Ergonomist,low
436,38,F,Anthonystad,Human resources officer,high
437,41,Other,Erikafort,"Therapist, occupational",medium
438,48,F,North Lisa,Chief Financial Officer,medium
439,12,F,South Larry,Ceramics designer,high
440,22,F,Powellhaven,"Engineer, manufacturing systems",high
441,23,Other,Lake Justinfurt,Armed forces operational officer,high
442,18,M,Martinmouth,"Journalist, newspaper",high
443,50,F,Melindaview,Technical author,low
444,8,F,Stoneview,"Merchandiser, retail",low
445,49,F,Maryfurt,Associate Professor,high
446,24,M,Patriciaburgh,"Engineer, electrical",high
447,29,Other,Kaylaborough,"Engineer, energy",low
448,36,Other,Brandonside,Professor Emeritus,medium
449,37,Other,Pamelahaven,Occupational psychologist,high
450,57,Other,Port Gregory,Clinical psychologist,high
451,39,M,Thomasville,Acupuncturist,medium
452,18,M,Geraldton,Social researcher,high
453,36,Other,West Sherri,Air broker,low
454,46,M,Kurtfort,Associate Professor,low
455,49,F,Davidstad,Management consultant,low
456,43,M,Port Lindsay,IT consultant,medium
457,4,M,Sharphaven,"Designer, television/film set",high
458,23,M,Port Jefferystad,Housing manager/officer,low
459,33,M,Nathanville,"Administrator, charities/voluntary organisations",medium
460,66,Other,New Kelseychester,Musician,high
461,27,Other,South Carriechester,"Conservator, museum/gallery",low
462,34,Other,Romeroburgh,"Psychologist, counselling",low
463,50,F,New Christopherton,Psychiatric nurse,medium
464,66,Other,Sarahstad,Music therapist,medium
465,21,M,Vanessamouth,Psychotherapist,high
466,33,F,Lake Paul,"Geologist, engineering",low
467,67,Other,West Jennifer,"Engineer, electronics",low
468,44,F,South Brett,Warden/ranger,low
469,43,M,Greenebury,Exercise physiologist,medium
470,27,M,South Nicole,Youth worker,low
471,64,M,South Katherine,"Engineer, communications",low
472,10,Other,West Michelle,"Surveyor, quantity",medium
473,43,Other,Terrifurt,Forensic scientist,high
474,20,M,South Aaronborough,Chief Operating Officer,medium
475,36,Other,Moralesburgh,"Accountant, chartered public finance",medium
476,11,M,Williamsshire,Hospital pharmacist,low
477,55,M,Lake James,Advice worker,high
478,33,F,Jonesmouth,Civil Service fast streamer,high
479,29,Other,New Jessicaside,"Investment banker, operational",low
480,23,M,New Shawnhaven,Media planner,medium
481,49,Other,North Maryton,Public affairs consultant,medium
482,40,F,Longstad,"Accountant, chartered management",medium
483,17,M,Andersonmouth,Garment/textile technologist,medium
484,27,M,New Allisonchester,Production manager,low
485,34,F,East Rebeccaside,Oncologist,high
486,26,Other,Williamsborough,Estate manager/land agent,medium
487,27,Other,North Paulchester,"Surveyor, commercial/residential",high
488,40,Other,New Kristyfort,Technical brewer,low
489,17,Other,Pittsside,General practice doctor,medium
490,40,M,Port Richardside,"Scientist, physiological",low
491,5,F,Johnsonton,Higher education careers adviser,low
492,50,M,West Erin,Television floor manager,low
493,54,Other,Danaville,Pension scheme manager,low
494,34,Other,Port Stephenport,Broadcast journalist,low
495,1,M,Samanthastad,Tour manager,low
496,33,F,Port Patrick,Consulting civil engineer,high
497,46,M,Crystalhaven,Fine artist,medium
498,29,M,Davidland,Jewellery designer,medium
499,42,M,Port Eric,"Therapist, speech and language",low
500,43,M,Smithfurt,"Lecturer, further education",medium
501,44,Other,Adkinstown,Patent examiner,high
502,75,F,Wagnerbury,Engineering geologist,low
503,34,M,East Glendafurt,International aid/development worker,high
504,32,Other,Julieside,Illustrator,low
505,27,M,West Brittanyton,Corporate treasurer,medium
506,55,F,New Brianland,Stage manager,high
507,55,M,Lake Brandonton,Quarry manager,medium
508,28,F,Bushbury,Operational investment banker,medium
509,24,Other,Gonzalesbury,Facilities manager,low
510,55,M,East Scott,Sales executive,medium
511,27,Other,Lake Mariahview,Insurance account manager,low
512,40,F,Port Rebeccamouth,Historic buildings inspector/conservation officer,low
513,16,F,Harrisfurt,Engineering geologist,medium
514,18,F,North Jane,Insurance underwriter,medium
515,23,Other,Port Douglas,Health visitor,high
516,36,Other,Cynthiamouth,Research scientist (maths),high
517,28,Other,East Natasha,Air cabin crew,low
518,20,M,Lake Alyssaport,Production manager,medium
519,42,F,Meltonhaven,Homeopath,high
520,39,F,North Kellyland,"Engineer, mining",low
521,3,F,Reneestad,Product designer,low
522,25,M,West Hailey,"Editor, film/video",medium
523,30,F,Lake Christopher,Physiological scientist,low
524,47,F,North Jessicashire,Ecologist,low
525,34,M,South Carlostown,Architect,medium
526,40,Other,Lake Gilbert,"Administrator, education",low
527,20,Other,New Laurenview,Records manager,medium
528,48,F,Markborough,"Pilot, airline",medium
529,19,F,East Jason,Web designer,high
530,45,M,Katherineton,Geoscientist,low
531,15,F,Port Philliphaven,Information officer,high
532,36,Other,Lake Rebecca,Operations geologist,medium
533,35,Other,Alexischester,Cytogeneticist,high
534,33,Other,North Anthonyfort,"Editor, commissioning",high
535,58,M,East Carolyn,Agricultural engineer,low
536,35,Other,West Amanda,"Geologist, engineering",medium
537,73,M,South Connorland,"Engineer, broadcasting (operations)",high
538,29,M,Whitemouth,Intelligence analyst,high
539,23,Other,Tylerburgh,Product manager,medium
540,23,Other,Jamesstad,"Embryologist, clinical",low
541,37,Other,Willisfurt,Town planner,high
542,13,Other,East Jessica,"Engineer, mining",medium
543,53,F,Guerreromouth,"Designer, furniture",low
544,29,F,Josephborough,Phytotherapist,medium
545,48,M,Martinezville,Chief Executive Officer,high
546,26,F,Austinmouth,Market researcher,high
547,44,M,Port Tashaberg,Clinical research associate,low
548,35,F,South Nathanbury,Agricultural consultant,high
549,28,F,Jessicatown,Claims inspector/assessor,high
550,30,M,Katherinehaven,"Designer, interior/spatial",high
551,23,Other,Jessicafurt,"Surveyor, insurance",high
552,30,M,North Brianfort,"Secretary, company",high
553,16,M,North Jayhaven,Midwife,low
554,67,F,Teresashire,Human resources officer,high
555,22,M,Port Christopher,Occupational therapist,medium
556,31,M,Catherinefurt,"Designer, ceramics/pottery",high
557,36,Other,Brownborough,"Biochemist, clinical",low
558,64,Other,Port Jeremy,Community arts worker,medium
559,19,M,West David,Farm manager,low
560,3,F,Lake Tony,Fast food restaurant manager,low
561,45,Other,Pughview,"Investment banker, corporate",medium
562,46,M,Jacksonshire,Aid worker,low
563,54,F,New Matthew,Education administrator,low
564,48,Other,North Susantown,Armed forces logistics/support/administrative officer,low
565,42,F,Kristenshire,"Engineer, civil (consulting)",low
566,32,F,New Lukeburgh,Hydrologist,high
567,24,Other,Bennettport,Oncologist,high
568,21,Other,Adamfort,Cabin crew,low
569,37,Other,Cherylmouth,"Pharmacist, community",high
570,65,M,East Michaelstad,Clinical biochemist,low
571,17,Other,Lake Cassandra,Telecommunications researcher,high
572,21,F,West Jefferychester,Clinical embryologist,high
573,43,M,Lake Samanthaburgh,Museum education officer,high
574,1,F,Murphyburgh,Environmental manager,low
575,38,M,Johntown,"Designer, graphic",medium
576,41,F,Jamesbury,Advertising art director,medium
577,26,Other,North Marisaberg,Seismic interpreter,medium
578,38,Other,East Edward,Accommodation manager,high
579,22,F,North Kristin,"Producer, television/film/video",medium
580,36,Other,Toddside,Ergonomist,medium
581,32,F,Phillipstown,Dancer,medium
582,52,M,Howardstad,"Designer, furniture",medium
583,43,Other,Rubenhaven,Health service manager,high
584,37,M,South Shelly,Industrial/product designer,low
585,41,Other,North Katelynshire,Land/geomatics surveyor,low
586,53,F,North Summer,Radio producer,high
587,31,M,South Gregory,Barrister's clerk,medium
588,20,Other,Davidville,Petroleum engineer,medium
589,14,M,Gailville,Banker,low
590,50,Other,West Matthew,IT trainer,medium
591,35,M,Carrollhaven,Counselling psychologist,medium
592,40,M,South Michael,Town planner,high
593,42,Other,South Rhondamouth,Learning disability nurse,low
594,29,F,South Brian,Private music teacher,low
595,27,Other,North Emily,Radio producer,medium
596,36,M,South Maryshire,Aid worker,high
597,36,Other,Jaclynmouth,Advertising account executive,medium
598,15,M,East Erika,Personal assistant,high
599,33,M,Johnsonside,Ship broker,high
600,32,F,North Ryanmouth,Clinical molecular geneticist,low
601,28,F,Williamsfort,Insurance claims handler,medium
602,31,M,Kleinton,Animator,low
603,45,M,Lisamouth,Economist,low
604,27,Other,Port Chad,Minerals surveyor,low
605,57,M,Port Jessica,Diagnostic radiographer,low
606,22,M,Curtisbury,"Programmer, multimedia",medium
607,38,F,Lake Joshua,IT trainer,medium
608,51,Other,Port Larry,Drilling engineer,low
609,13,Other,Anthonybury,"Designer, interior/spatial",high
610,26,M,New Sandraville,Community education officer,low
611,23,F,Stuartbury,"Engineer, water",low
612,18,M,West Tarahaven,Call centre manager,high
613,-10,Other,North Richard,Broadcast presenter,high
614,45,M,Lake Brendastad,Accounting technician,high
615,24,F,Taylorburgh,"Therapist, music",high
616,43,F,Markbury,"Engineer, water",medium
617,23,Other,South Christopher,Corporate investment banker,high
618,55,Other,East Natashaville,Geoscientist,low
619,47,F,Diazview,Press sub,medium
620,33,Other,Chelseyland,"Doctor, hospital",medium
621,29,Other,Humphreyfurt,Marketing executive,high
622,42,Other,Hollychester,English as a foreign language teacher,high
623,56,F,Hatfieldville,Private music teacher,high
624,21,Other,Stephenshire,Clinical embryologist,high
625,36,M,Valentineton,"Administrator, sports",medium
626,49,Other,East Marissa,Pathologist,low
627,28,F,South Isaac,Make,high
628,39,M,Amyborough,Licensed conveyancer,low
629,26,F,North Eric,Chartered public finance accountant,high
630,49,F,Tracybury,"Engineer, biomedical",low
631,25,M,Geraldville,Office manager,high
632,56,Other,Walkerborough,Tax inspector,low
633,25,Other,Reginachester,Food technologist,medium
634,49,Other,Thomasville,Horticultural therapist,medium
635,51,F,North Sarahtown,Educational psychologist,low
636,25,Other,South Zachary,"Engineer, structural",low
637,49,Other,South Andrewborough,"Engineer, energy",high
638,55,M,Rhodesstad,Television production assistant,medium
639,59,Other,West Kimberly,"Clinical scientist, histocompatibility and immunogenetics",low
640,46,F,New Richardton,"Investment banker, operational",high
641,38,F,Scottfort,Nature conservation officer,medium
642,60,F,Lake Patrick,Quarry manager,high
643,42,M,Lesliehaven,Barrister's clerk,low
644,20,M,East Andrewburgh,Community arts worker,medium
645,47,F,Littlemouth,Educational psychologist,low
646,53,M,Lake Melissahaven,"Copywriter, advertising",high
647,42,Other,West Josephstad,Solicitor,high
648,45,Other,Gutierrezview,"Engineer, manufacturing systems",medium
649,10,F,Loristad,"Production designer, theatre/television/film",low
650,50,Other,New Bryanberg,"Engineer, building services",medium
651,55,M,Robintown,Stage manager,low
652,24,M,Combsmouth,Magazine features editor,high
653,45,F,Parksview,Occupational psychologist,high
654,35,Other,North Amandaville,Electrical engineer,low
655,35,F,South Cindyhaven,"Nurse, children's",medium
656,23,Other,Lake Nicole,Systems analyst,medium
657,48,Other,North Ryan,Magazine features editor,high
658,39,Other,Simpsonton,Counsellor,medium
659,44,F,Patriciabury,Tourism officer,high
660,55,F,East Robertburgh,Speech and language therapist,medium
661,40,M,Johnton,Magazine journalist,high
662,24,Other,Brownburgh,Adult guidance worker,medium
663,43,Other,Cameronborough,"Engineer, materials",high
664,25,Other,Clarkland,"Merchandiser, retail",medium
665,42,F,South Anthony,Musician,medium
666,31,M,South Nathaniel,Publishing rights manager,high
667,55,Other,Elizabethtown,Probation officer,medium
668,37,M,New Anne,Immigration officer,low
669,72,F,Donnatown,Barrister,low
670,38,Other,North Brianfort,Chief Technology Officer,medium
671,35,Other,Hendersonchester,Careers information officer,high
672,12,Other,Cooperstad,"Therapist, speech and language",medium
673,35,M,Port Richard,Charity fundraiser,medium
674,30,Other,Melissaside,Media buyer,low
675,39,F,West Michaelview,Regulatory affairs officer,medium
676,31,Other,Grayfort,Stage manager,low
677,70,M,West Jonathanmouth,Civil Service fast streamer,high
678,16,Other,Muellerfort,Local government officer,low
679,16,F,Justinfort,Clinical cytogeneticist,medium
680,34,Other,Weissside,"Engineer, broadcasting (operations)",medium
681,18,Other,North Brian,"Secretary, company",high
682,23,M,Josephhaven,Games developer,medium
683,38,M,Lake Mindy,"Engineer, drilling",high
684,58,Other,West Catherinetown,"Psychotherapist, dance movement",medium
685,50,M,Keithstad,"Physicist, medical",low
686,25,F,Lake Jeffreyfurt,Cabin crew,high
687,50,Other,Port Eric,Research scientist (physical sciences),low
688,57,F,Lintown,"Engineer, manufacturing",high
689,41,F,Jonesport,Science writer,high
690,37,M,Jennifertown,Telecommunications researcher,high
691,37,F,Weberton,Microbiologist,low
692,36,F,Huangfurt,Building surveyor,medium
693,32,M,Angelaville,Restaurant manager,low
694,7,F,Anthonyport,Writer,high
695,20,F,Port Stephanie,Pensions consultant,low
696,31,Other,Ramirezchester,Chief Executive Officer,high
697,42,F,Dunnport,Sports therapist,medium
698,46,M,Port Cynthia,Analytical chemist,high
699,58,M,Lake Judithberg,"Engineer, civil (contracting)",low
700,30,M,Thomastown,"Surveyor, building control",medium
701,54,Other,Brownton,"Education officer, community",low
702,63,Other,Meyersberg,General practice doctor,low
703,41,M,North Reneestad,Astronomer,low
704,39,F,Timothystad,Holiday representative,high
705,22,F,Vanessaton,Mechanical engineer,low
706,68,M,New Heidiview,Research scientist (physical sciences),low
707,40,Other,Lake Sean,Clinical embryologist,medium
708,21,F,Crossbury,Sports development officer,high
709,28,Other,Aaronport,Counsellor,medium
710,27,F,Pamelastad,Museum/gallery curator,low
711,45,F,North Steven,Air traffic controller,low
712,23,Other,Barbaraburgh,Operational investment banker,medium
713,36,Other,North Kimberly,Software engineer,low
714,40,F,Keithshire,Seismic interpreter,high
715,71,Other,Danachester,Sports coach,medium
716,33,F,East Richard,Maintenance engineer,low
717,34,Other,Kellychester,Banker,high
718,16,F,Lake Phillip,Dietitian,high
719,13,M,Port Danielside,Adult guidance worker,high
720,54,M,Johnfort,Ceramics designer,medium
721,42,F,East Rodneyberg,"Scientist, water quality",high
722,29,Other,West Jeremyhaven,"Engineer, drilling",low
723,40,M,Lake Erin,"Psychologist, educational",low
724,39,Other,Nancyville,Sports administrator,high
725,36,Other,Christopherchester,Interior and spatial designer,high
726,36,Other,Sarafort,Chief of Staff,low
727,21,F,East Ronaldstad,Paediatric nurse,low
728,46,Other,North Victoriaville,Tree surgeon,low
729,41,Other,Danielfurt,Estate manager/land agent,low
730,14,Other,New Andreamouth,"Geneticist, molecular",high
731,32,F,West Sarahfort,Hospital pharmacist,low
732,54,F,Port Kimberlyborough,Building control surveyor,medium
733,52,F,Jenniferport,Art gallery manager,high
734,39,Other,Brianfurt,"Engineer, site",medium
735,53,M,East Donna,Theme park manager,medium
736,67,Other,East Richardport,"Teacher, English as a foreign language",medium
737,16,Other,Port Chelseastad,Chief Marketing Officer,high
738,57,Other,South Leroyhaven,Trading standards officer,low
739,7,Other,Edwardschester,Estate manager/land agent,low
740,9,M,Kylestad,Veterinary surgeon,low
741,15,M,Port Claudiabury,Metallurgist,low
742,49,M,East Jeremy,Nature conservation officer,medium
743,10,Other,Acostaton,Musician,medium
744,20,M,North Donnaborough,Maintenance engineer,low
745,14,Other,New Kenneth,"Development worker, international aid",high
746,5,M,New Brett,"Loss adjuster, chartered",high
747,48,M,Millerport,Local government officer,medium
748,37,M,Jenniferfort,"Engineer, communications",low
749,20,Other,North Elizabeth,Medical illustrator,medium
750,44,F,New Anthonyberg,Occupational therapist,low
751,27,Other,Christopherbury,Chartered accountant,low
752,58,Other,East Heather,Product/process development scientist,medium
753,19,F,South Michaeltown,Educational psychologist,high
754,41,Other,Blakeborough,"Engineer, civil (consulting)",low
755,38,Other,Alishire,Catering manager,high
756,46,Other,Lake Carolynport,"Programmer, systems",low
757,46,F,Benjaminmouth,Charity officer,medium
758,35,Other,Matthewbury,"Investment banker, corporate",low
759,64,F,Brownchester,Insurance claims handler,high
760,38,M,Lake Jennifer,Equities trader,high
761,35,M,Reyesstad,Barrister,low
762,30,F,West Deanna,"Chemist, analytical",low
763,39,F,Michaelchester,Chartered accountant,low
764,22,M,North Vincentmouth,"Surveyor, commercial/residential",low
765,38,M,North Crystal,Glass blower/designer,high
766,20,F,West Michaelmouth,Aeronautical engineer,high
767,34,F,Wendyton,Nutritional therapist,medium
768,40,F,West Kaylafort,Copy,high
769,26,Other,Yvonnefurt,Graphic designer,high
770,57,F,Gibbsburgh,Theme park manager,medium
771,28,F,Weberborough,Diagnostic radiographer,high
772,36,F,North Troy,Chief Operating Officer,high
773,30,F,West Vincent,Careers information officer,medium
774,53,F,New Jennifer,Chartered management accountant,high
775,38,F,Ashleyview,Actor,medium
776,17,Other,East Haley,Emergency planning/management officer,medium
777,45,F,Lake Jacobview,Community education officer,low
778,37,F,Keithburgh,Bonds trader,high
779,25,Other,Michelleport,"Conservator, furniture",medium
780,58,M,North Charlesburgh,Theme park manager,high
781,29,M,Davidville,"Doctor, hospital",low
782,28,F,Hughesmouth,Geophysicist/field seismologist,medium
783,35,M,Nicolehaven,Photographer,high
784,32,F,Burtonfurt,"Surveyor, hydrographic",medium
785,55,M,Lake Grant,Publishing copy,high
786,14,M,New Ryan,"Surveyor, commercial/residential",medium
787,51,M,East Evan,Chartered public finance accountant,medium
788,73,Other,New Miranda,Toxicologist,high
789,31,Other,North Donnabury,Recycling officer,low
790,28,F,Garyland,Health and safety inspector,low
791,24,M,Edwardsfurt,Best boy,high
792,28,M,South Cindy,"Journalist, newspaper",medium
793,35,Other,Port Erin,"Designer, interior/spatial",high
794,56,F,East Jason,Pensions consultant,low
795,28,Other,Port Michaelfort,Research scientist (life sciences),medium
796,31,M,Tinastad,"Nurse, adult",high
797,35,F,Simonburgh,"Administrator, arts",high
798,24,F,North Spencerberg,Clinical molecular geneticist,low
799,6,M,Hubbardview,"Pharmacist, hospital",medium
800,20,Other,North Seth,Human resources officer,high
801,42,Other,Lake Juan,Comptroller,high
802,43,F,Sheafurt,Emergency planning/management officer,low
803,41,M,Lake Kellytown,Electronics engineer,medium
804,24,Other,Lake Mary,Regulatory affairs officer,low
805,33,Other,New Brenda,Passenger transport manager,high
806,26,F,Jorgefurt,"Physicist, medical",medium
807,49,M,West Jacob,Data scientist,high
808,22,M,Reginaview,Outdoor activities/education manager,low
809,22,M,Michellefurt,Video editor,high
810,59,F,North Haroldborough,Fast food restaurant manager,high
811,32,M,South Corey,Insurance account manager,low
812,30,M,Lake Jasontown,"Production designer, theatre/television/film",high
813,54,F,Lake James,Systems developer,high
814,56,Other,South Alanfort,Town planner,medium
815,29,M,Peterbury,Planning and development surveyor,high
816,16,M,Shannonview,Press photographer,medium
817,22,Other,South Mitchell,"Designer, television/film set",low
818,48,F,Victoriaside,Adult guidance worker,medium
819,48,F,Brownfort,"Exhibitions officer, museum/gallery",high
820,-7,F,Port Larry,Trade union research officer,low
821,45,M,East Stacie,"Engineer, structural",high
822,41,Other,Pearsonchester,"Horticulturist, amenity",high
823,37,Other,New Ryanmouth,Education administrator,medium
824,39,Other,North Michaelchester,Seismic interpreter,medium
825,24,M,Andrewborough,Video editor,low
826,45,M,Garciaport,Transport planner,low
827,50,M,Walkerfort,Air broker,high
828,34,M,Hobbsview,Fitness centre manager,high
829,57,F,Tanyaport,Private music teacher,low
830,35,Other,Curtismouth,Airline pilot,high
831,31,F,Ericberg,International aid/development worker,medium
832,23,Other,Lake Jacksonfurt,"Doctor, general practice",high
833,23,Other,West Crystal,"Accountant, chartered management",medium
834,30,F,Diazfort,"Production designer, theatre/television/film",low
835,13,F,Manuelland,Educational psychologist,high
836,43,M,North Elizabeth,Haematologist,high
837,32,Other,New Monica,"Administrator, sports",high
838,46,M,Jamietown,Midwife,high
839,32,M,East Janehaven,Advertising account planner,high
840,16,M,East Michaelmouth,International aid/development worker,low
841,56,M,New Melinda,"Scientist, physiological",medium
842,30,F,Mathewsside,Mining engineer,medium
843,54,M,North Johnburgh,Manufacturing systems engineer,low
844,18,Other,Gardnerburgh,Mining engineer,high
845,17,Other,Reedside,Personnel officer,low
846,33,F,Chelseaton,"Engineer, maintenance",medium
847,47,Other,Robertland,"Engineer, structural",high
848,41,M,Bakermouth,"Psychotherapist, child",low
849,82,M,Port Catherinemouth,Forensic psychologist,medium
850,48,M,South Ethanbury,Merchant navy officer,high
851,30,M,Meganfort,Camera operator,high
852,27,Other,Port Heatherbury,Ceramics designer,medium
853,15,Other,Hayesfurt,IT consultant,low
854,39,F,North Cheryl,Merchant navy officer,high
855,48,M,Chadshire,Production engineer,low
856,31,F,Port James,Agricultural consultant,medium
857,15,F,South Michaelchester,Water engineer,medium
858,11,Other,Port Jeremy,Press photographer,medium
859,55,Other,Port Ryan,Ecologist,medium
860,36,M,Walkershire,Patent examiner,high
861,34,Other,South Paulstad,"Engineer, control and instrumentation",low
862,27,M,New Markview,Transport planner,high
863,69,F,Ingramport,Environmental education officer,low
864,33,Other,North Vincentmouth,Animal technologist,low
865,37,F,Lake Jessicabury,"Doctor, general practice",medium
866,27,M,Millermouth,English as a foreign language teacher,low
867,53,F,Jacksonmouth,Insurance risk surveyor,low
868,55,F,Garyfurt,Insurance claims handler,low
869,25,M,Lynnville,Patent attorney,medium
870,43,F,South Melissaland,Fish farm manager,medium
871,36,M,East Cynthiaburgh,Restaurant manager,low
872,29,F,West Maryhaven,"Psychologist, forensic",medium
873,52,M,Lake Franciscoview,Information systems manager,high
874,30,Other,South Susan,Leisure centre manager,medium
875,61,Other,New Jorge,Press photographer,medium
876,24,Other,West Charlesbury,Immunologist,medium
877,57,Other,East Amber,Glass blower/designer,low
878,38,M,Townsendhaven,Nature conservation officer,low
879,23,Other,Walkerstad,Radio broadcast assistant,medium
880,26,Other,New Virginia,"Optician, dispensing",high
881,39,F,Millerchester,Dentist,low
882,32,Other,Stephenmouth,Hotel manager,low
883,41,F,Joelchester,Legal secretary,high
884,22,Other,East Stephentown,"Accountant, chartered certified",medium
885,47,F,South Elizabeth,Nutritional therapist,medium
886,42,Other,Bakerland,IT consultant,low
887,42,F,South Sabrinamouth,Seismic interpreter,medium
888,26,Other,Williamsmouth,"Scientist, research (maths)",low
889,45,M,South Heidi,"Clinical scientist, histocompatibility and immunogenetics",medium
890,39,Other,East Louisport,Database administrator,high
891,15,F,North Moniquebury,Company secretary,low
892,40,M,South Carolmouth,Public affairs consultant,high
893,34,Other,Crystalbury,Insurance broker,low
894,42,M,Millerhaven,Arts administrator,low
895,21,Other,Millermouth,Photographer,low
896,15,Other,Lake Cynthia,Actuary,low
897,33,M,Rodgersburgh,"Producer, television/film/video",low
898,21,M,Lake Bryanshire,Landscape architect,low
899,43,Other,Larsontown,Local government officer,high
900,38,F,North Ariel,Fashion designer,low
901,52,Other,Taraborough,Herpetologist,medium
902,12,Other,Shieldsmouth,Software engineer,low
903,52,Other,South Jessicaberg,Hydrogeologist,low
904,34,Other,Torresstad,Theatre stage manager,medium
905,22,M,Cassandrachester,Technical author,high
906,50,M,Watsonport,Broadcast presenter,medium
907,19,M,Ashleyfurt,"Conservation officer, historic buildings",low
908,55,Other,Lake Claudia,Chartered public finance accountant,high
909,39,M,Pottershire,Legal executive,high
910,66,Other,Sandraville,Occupational psychologist,high
911,37,M,New Monicaport,"Buyer, industrial",low
912,44,F,New Melissa,"Social research officer, government",medium
913,23,F,New Sergioside,"Geologist, wellsite",low
914,22,Other,New Jefferyport,Sales executive,medium
915,30,F,Ashleyborough,Multimedia specialist,medium
916,25,Other,Port Michaelmouth,"Engineer, electrical",high
917,19,Other,Taylorstad,Oncologist,medium
918,24,Other,Carolynfort,Trading standards officer,high
919,26,M,Darrenshire,Retail merchandiser,high
920,37,M,East Tylerton,Hospital pharmacist,high
921,33,M,Lake Michael,Broadcast presenter,low
922,54,Other,Mclaughlinport,Research scientist (physical sciences),high
923,36,Other,Lake Josephfort,Chartered legal executive (England and Wales),low
924,34,F,Port Kristinashire,Environmental manager,high
925,32,Other,New Thomas,Osteopath,low
926,46,M,East Nathanielville,Chief Financial Officer,high
927,22,F,New Pamelaburgh,Automotive engineer,low
928,25,F,Lake Markville,Fisheries officer,medium
929,35,Other,Erikburgh,Aid worker,medium
930,38,M,West David,Location manager,high
931,38,M,West Jacob,"Development worker, international aid",medium
932,28,M,North Louisfort,Claims inspector/assessor,medium
933,35,Other,Mclaughlinbury,Race relations officer,medium
934,11,M,Brownberg,Financial planner,medium
935,56,F,South Carmenville,"Horticulturist, commercial",medium
936,51,Other,North Cody,Geophysical data processor,low
937,28,F,North Kimberly,"Social research officer, government",low
938,52,M,Nicholasborough,Database administrator,medium
939,63,F,West Kylebury,IT sales professional,low
940,36,F,South Nancy,Adult guidance worker,low
941,36,Other,East Laurenmouth,Naval architect,high
942,34,M,Johnsonshire,Geophysical data processor,medium
943,58,M,North Robert,Speech and language therapist,low
944,63,Other,New Krystal,Secretary/administrator,low
945,23,F,Cochranside,Police officer,high
946,27,Other,North Chadfurt,Translator,low
947,6,M,New Michael,"Therapist, drama",medium
948,54,M,East Kevinview,Museum/gallery curator,high
949,15,F,Nicoleview,"Nurse, adult",high
950,55,M,Lake Emily,Hydrographic surveyor,high
951,39,Other,Heatherland,Chiropractor,medium
952,59,F,Watkinschester,"Engineer, energy",high
953,36,Other,Robertstad,Company secretary,low
954,28,F,Gardnerstad,Arboriculturist,high
955,7,F,Donaldmouth,Fine artist,high
956,45,Other,East Carriechester,Financial controller,high
957,27,M,West Andrew,Banker,high
958,35,F,Port David,Dispensing optician,high
959,55,M,West Michael,Legal secretary,high
960,41,Other,Michaelstad,"Journalist, broadcasting",high
961,28,Other,Patrickmouth,Health physicist,medium
962,34,F,Ginaport,"Administrator, sports",low
963,24,Other,Port Kayla,Product designer,low
964,31,M,Terrymouth,Building services engineer,low
965,37,M,Robinville,"Biochemist, clinical",high
966,9,F,Stanleyborough,Statistician,high
967,24,M,Port Tracy,Hydrogeologist,medium
968,35,Other,Vanessaport,Print production planner,medium
969,49,Other,Lorihaven,Surgeon,high
970,21,Other,Phillipport,Physiological scientist,low
971,35,M,Lake Johnberg,Police officer,medium
972,44,F,Lake Amanda,Metallurgist,high
973,48,F,Kinghaven,Clinical molecular geneticist,low
974,44,Other,Williamport,Estate manager/land agent,medium
975,66,M,New Sandrafurt,Accounting technician,medium
976,54,M,Jayborough,"Engineer, water",high
977,5,M,Jonesview,Risk manager,medium
978,40,Other,Lake Christopher,Magazine features editor,high
979,12,Other,Marcoborough,Set designer,medium
980,49,M,Lake Karenmouth,Commercial art gallery manager,low
981,42,F,Port Dakotahaven,Careers adviser,low
982,50,F,Lake Autumn,Herpetologist,medium
983,28,F,South Ethan,Minerals surveyor,high
984,36,F,Calderonside,Theatre director,high
985,23,F,Floreston,Printmaker,high
986,43,M,Kramerville,Museum/gallery conservator,low
987,18,M,Lake Jessica,"Administrator, education",medium
988,17,M,Allenton,Animator,low
989,41,F,Davisburgh,Set designer,low
990,65,F,North Samuelbury,Psychiatric nurse,medium
991,37,F,Bakerfort,Field seismologist,medium
992,22,F,West Kevinmouth,"Surveyor, commercial/residential",high
993,14,F,Hillland,Research scientist (maths),medium
994,19,M,Yvetteview,Photographer,medium
995,10,F,Riveraton,"Engineer, technical sales",medium
996,43,Other,Victoriafort,Transport planner,low
997,66,M,New Susanport,"Scientist, research (life sciences)",high
998,16,Other,Clarkside,Outdoor activities/education manager,medium
999,26,F,Cameronfurt,"Pharmacist, hospital",high
1000,27,F,Mariabury,Clinical biochemist,medium
